https://m.media-amazon.com/images/I/61pcST8pqcL._AC_UL320_.jpg,Sarees
https://m.media-amazon.com/images/I/61smzTQnM2L._AC_UL320_.jpg,Sarees
https://m.media-amazon.com/images/I/31i0OKC3B+L._AC_UL320_.jpg,Sarees
https://m.media-amazon.com/images/I/41OMdegU3PL._AC_UL320_.jpg,Sarees
https://m.media-amazon.com/images/I/91iiBtClCnL._AC_UL320_.jpg,Sarees
https://m.media-amazon.com/images/I/71AYPbuBrhL._AC_UL320_.jpg,Sarees
https://m.media-amazon.com/images/I/71nJsZGi5uS._AC_UL320_.jpg,Sarees
https://m.media-amazon.com/images/I/81dkSgs7nsL._AC_UL320_.jpg,Sarees
https://m.media-amazon.com/images/I/71XAzGJXvkL._AC_UL320_.jpg,Sarees
https://m.media-amazon.com/images/I/711vlC6N6bL._AC_UL320_.jpg,Sarees
https://m.media-amazon.com/images/I/61aBTPmSJdL._AC_UL320_.jpg,Sarees
https://m.media-amazon.com/images/I/51uhaY2GCqL._AC_UL320_.jpg,Sarees
https://m.media-amazon.com/images/I/81LJ+s8dzbL._AC_UL320_.jpg,Sarees
https://m.media-amazon.com/images/I/71Mf7Es+qiL._AC_UL320_.jpg,Sarees
https://m.media-amazon.com/images/I/91njmlSKiCL._AC_UL320_.jpg,Sarees
https://m.media-amazon.com/images/I/8146BLEzqPL._AC_UL320_.jpg,Sarees
https://m.media-amazon.com/images/I/61ycr0TYRLL._AC_UL320_.jpg,Sarees
https://m.media-amazon.com/images/I/715gq48jKsL._AC_UL320_.jpg,Sarees
https://m.media-amazon.com/images/I/91hrK4R8YdL._AC_UL320_.jpg,Sarees
https://m.media-amazon.com/images/I/91vgYb-7tGL._AC_UL320_.jpg,Sarees
https://m.media-amazon.com/images/I/914xdapNNlL._AC_UL320_.jpg,Sarees
https://m.media-amazon.com/images/I/41uF1XPtd0L._AC_UL320_.jpg,Sarees
https://m.media-amazon.com/images/I/91hRiwdexXL._AC_UL320_.jpg,Sarees
https://m.media-amazon.com/images/I/91c00nW1b6L._AC_UL320_.jpg,Sarees
https://m.media-amazon.com/images/I/71VMVFPYj3L._AC_UL320_.jpg,Sarees
https://m.media-amazon.com/images/I/91twn1QBnTL._AC_UL320_.jpg,Sarees
https://m.media-amazon.com/images/I/91auLY0OZNL._AC_UL320_.jpg,Sarees
https://m.media-amazon.com/images/I/912Q1Nsa1BL._AC_UL320_.jpg,Sarees
https://m.media-amazon.com/images/I/41-RxazAncL._AC_UL320_.jpg,Sarees
https://m.media-amazon.com/images/I/81mPsPH1a6L._AC_UL320_.jpg,Sarees
https://m.media-amazon.com/images/I/71Qwc3PkyYL._AC_UL320_.jpg,Sarees
https://m.media-amazon.com/images/I/711PQqpJ-rS._AC_UL320_.jpg,Sarees
https://m.media-amazon.com/images/I/71NLpoymr9L._AC_UL320_.jpg,Sarees
https://m.media-amazon.com/images/I/71u7TecG7gS._AC_UL320_.jpg,Sarees
https://m.media-amazon.com/images/I/712r6exQc+L._AC_UL320_.jpg,Sarees
https://m.media-amazon.com/images/I/91HAgnw2CTL._AC_UL320_.jpg,Sarees
https://m.media-amazon.com/images/I/81C88FZzlSL._AC_UL320_.jpg,Sarees
https://m.media-amazon.com/images/I/91VimOH+0RL._AC_UL320_.jpg,Sarees
https://m.media-amazon.com/images/I/917CNCa+P8L._AC_UL320_.jpg,Sarees
https://m.media-amazon.com/images/I/61Pmi12QV5L._AC_UL320_.jpg,Sarees
https://m.media-amazon.com/images/I/91dDMDg+QTL._AC_UL320_.jpg,Sarees
https://m.media-amazon.com/images/I/6154v1-RXBL._AC_UL320_.jpg,Sarees
https://m.media-amazon.com/images/I/71rjp9EB2wL._AC_UL320_.jpg,Sarees
https://m.media-amazon.com/images/I/81fEUgp9SRL._AC_UL320_.jpg,Sarees
https://m.media-amazon.com/images/I/912JFM8XEJL._AC_UL320_.jpg,Sarees
https://m.media-amazon.com/images/I/61Ndm5mnP4L._AC_UL320_.jpg,Sarees
https://m.media-amazon.com/images/I/9175JlOm6MS._AC_UL320_.jpg,Sarees
https://m.media-amazon.com/images/I/81UQiUNYeTL._AC_UL320_.jpg,Sarees
https://m.media-amazon.com/images/I/71Jjpa1KUAL._AC_UL320_.jpg,Sarees
https://m.media-amazon.com/images/I/41AhJq0JYHL._AC_UL320_.jpg,Sarees
https://m.media-amazon.com/images/I/71gcK8AHO0L._AC_UL320_.jpg,Sarees
https://m.media-amazon.com/images/I/9127dE8RlIL._AC_UL320_.jpg,Sarees
https://m.media-amazon.com/images/I/91ZXr8iTpaL._AC_UL320_.jpg,Sarees
https://m.media-amazon.com/images/I/81d5CXA95HL._AC_UL320_.jpg,Sarees
https://m.media-amazon.com/images/I/91z8vt1r4rL._AC_UL320_.jpg,Sarees
https://m.media-amazon.com/images/I/81c4ZLtyO5L._AC_UL320_.jpg,Sarees
https://m.media-amazon.com/images/I/61dw3hBBM3L._AC_UL320_.jpg,Sarees
https://m.media-amazon.com/images/I/61Z9og5gnkL._AC_UL320_.jpg,Sarees
https://m.media-amazon.com/images/I/913bt-+KNEL._AC_UL320_.jpg,Sarees
https://m.media-amazon.com/images/I/5146kkAealL._AC_UL320_.jpg,Sarees
https://m.media-amazon.com/images/I/7144jqDQFXL._AC_UL320_.jpg,Sarees
https://m.media-amazon.com/images/I/81Gq3KCd4AL._AC_UL320_.jpg,Sarees
https://m.media-amazon.com/images/I/91o8ToDJXlS._AC_UL320_.jpg,Sarees
https://m.media-amazon.com/images/I/71RbSz4f5uL._AC_UL320_.jpg,Sarees
https://m.media-amazon.com/images/I/7143H+2QTgL._AC_UL320_.jpg,Sarees
https://m.media-amazon.com/images/I/91yo+G2rJ1L._AC_UL320_.jpg,Sarees
https://m.media-amazon.com/images/I/71fl75lutiL._AC_UL320_.jpg,Sarees
https://m.media-amazon.com/images/I/810Y61PzFDS._AC_UL320_.jpg,Sarees
https://m.media-amazon.com/images/I/61oo7ZLfWqL._AC_UL320_.jpg,Sarees
https://m.media-amazon.com/images/I/71JGCy+LHUL._AC_UL320_.jpg,Sarees
https://m.media-amazon.com/images/I/71lItZl4-CL._AC_UL320_.jpg,Sarees
https://m.media-amazon.com/images/I/91Esh8L3H8L._AC_UL320_.jpg,Sarees
https://m.media-amazon.com/images/I/910SEdShJcL._AC_UL320_.jpg,Sarees
https://m.media-amazon.com/images/I/81R5lN0ij3L._AC_UL320_.jpg,Sarees
https://m.media-amazon.com/images/I/81P+xlwgX7L._AC_UL320_.jpg,Sarees
https://m.media-amazon.com/images/I/91eRlU0+OJL._AC_UL320_.jpg,Sarees
https://m.media-amazon.com/images/I/61pcST8pqcL._AC_UL320_.jpg,Trousers
https://m.media-amazon.com/images/I/61smzTQnM2L._AC_UL320_.jpg,Trousers
https://m.media-amazon.com/images/I/31i0OKC3B+L._AC_UL320_.jpg,Trousers
https://m.media-amazon.com/images/I/41OMdegU3PL._AC_UL320_.jpg,Trousers
https://m.media-amazon.com/images/I/91iiBtClCnL._AC_UL320_.jpg,Trousers
https://m.media-amazon.com/images/I/71AYPbuBrhL._AC_UL320_.jpg,Trousers
https://m.media-amazon.com/images/I/71nJsZGi5uS._AC_UL320_.jpg,Trousers
https://m.media-amazon.com/images/I/81dkSgs7nsL._AC_UL320_.jpg,Trousers
https://m.media-amazon.com/images/I/71XAzGJXvkL._AC_UL320_.jpg,Trousers
https://m.media-amazon.com/images/I/711vlC6N6bL._AC_UL320_.jpg,Trousers
https://m.media-amazon.com/images/I/61aBTPmSJdL._AC_UL320_.jpg,Trousers
https://m.media-amazon.com/images/I/51uhaY2GCqL._AC_UL320_.jpg,Trousers
https://m.media-amazon.com/images/I/81LJ+s8dzbL._AC_UL320_.jpg,Trousers
https://m.media-amazon.com/images/I/71Mf7Es+qiL._AC_UL320_.jpg,Trousers
https://m.media-amazon.com/images/I/91njmlSKiCL._AC_UL320_.jpg,Trousers
https://m.media-amazon.com/images/I/8146BLEzqPL._AC_UL320_.jpg,Trousers
https://m.media-amazon.com/images/I/61ycr0TYRLL._AC_UL320_.jpg,Trousers
https://m.media-amazon.com/images/I/715gq48jKsL._AC_UL320_.jpg,Trousers
https://m.media-amazon.com/images/I/91hrK4R8YdL._AC_UL320_.jpg,Trousers
https://m.media-amazon.com/images/I/91vgYb-7tGL._AC_UL320_.jpg,Trousers
https://m.media-amazon.com/images/I/914xdapNNlL._AC_UL320_.jpg,Trousers
https://m.media-amazon.com/images/I/41uF1XPtd0L._AC_UL320_.jpg,Trousers
https://m.media-amazon.com/images/I/91hRiwdexXL._AC_UL320_.jpg,Trousers
https://m.media-amazon.com/images/I/91c00nW1b6L._AC_UL320_.jpg,Trousers
https://m.media-amazon.com/images/I/71VMVFPYj3L._AC_UL320_.jpg,Trousers
https://m.media-amazon.com/images/I/91twn1QBnTL._AC_UL320_.jpg,Trousers
https://m.media-amazon.com/images/I/91auLY0OZNL._AC_UL320_.jpg,Trousers
https://m.media-amazon.com/images/I/912Q1Nsa1BL._AC_UL320_.jpg,Trousers
https://m.media-amazon.com/images/I/41-RxazAncL._AC_UL320_.jpg,Trousers
https://m.media-amazon.com/images/I/81mPsPH1a6L._AC_UL320_.jpg,Trousers
https://m.media-amazon.com/images/I/71Qwc3PkyYL._AC_UL320_.jpg,Trousers
https://m.media-amazon.com/images/I/711PQqpJ-rS._AC_UL320_.jpg,Trousers
https://m.media-amazon.com/images/I/71NLpoymr9L._AC_UL320_.jpg,Trousers
https://m.media-amazon.com/images/I/71u7TecG7gS._AC_UL320_.jpg,Trousers
https://m.media-amazon.com/images/I/712r6exQc+L._AC_UL320_.jpg,Trousers
https://m.media-amazon.com/images/I/91HAgnw2CTL._AC_UL320_.jpg,Trousers
https://m.media-amazon.com/images/I/81C88FZzlSL._AC_UL320_.jpg,Trousers
https://m.media-amazon.com/images/I/91VimOH+0RL._AC_UL320_.jpg,Trousers
https://m.media-amazon.com/images/I/917CNCa+P8L._AC_UL320_.jpg,Trousers
https://m.media-amazon.com/images/I/61Pmi12QV5L._AC_UL320_.jpg,Trousers
https://m.media-amazon.com/images/I/91dDMDg+QTL._AC_UL320_.jpg,Trousers
https://m.media-amazon.com/images/I/6154v1-RXBL._AC_UL320_.jpg,Trousers
https://m.media-amazon.com/images/I/71rjp9EB2wL._AC_UL320_.jpg,Trousers
https://m.media-amazon.com/images/I/81fEUgp9SRL._AC_UL320_.jpg,Trousers
https://m.media-amazon.com/images/I/912JFM8XEJL._AC_UL320_.jpg,Trousers
https://m.media-amazon.com/images/I/61Ndm5mnP4L._AC_UL320_.jpg,Trousers
https://m.media-amazon.com/images/I/9175JlOm6MS._AC_UL320_.jpg,Trousers
https://m.media-amazon.com/images/I/81UQiUNYeTL._AC_UL320_.jpg,Trousers
https://m.media-amazon.com/images/I/71Jjpa1KUAL._AC_UL320_.jpg,Trousers
https://m.media-amazon.com/images/I/41AhJq0JYHL._AC_UL320_.jpg,Trousers
https://m.media-amazon.com/images/I/71gcK8AHO0L._AC_UL320_.jpg,Trousers
https://m.media-amazon.com/images/I/9127dE8RlIL._AC_UL320_.jpg,Trousers
https://m.media-amazon.com/images/I/91ZXr8iTpaL._AC_UL320_.jpg,Trousers
https://m.media-amazon.com/images/I/81d5CXA95HL._AC_UL320_.jpg,Trousers
https://m.media-amazon.com/images/I/91z8vt1r4rL._AC_UL320_.jpg,Trousers
https://m.media-amazon.com/images/I/81c4ZLtyO5L._AC_UL320_.jpg,Trousers
https://m.media-amazon.com/images/I/61dw3hBBM3L._AC_UL320_.jpg,Trousers
https://m.media-amazon.com/images/I/61Z9og5gnkL._AC_UL320_.jpg,Trousers
https://m.media-amazon.com/images/I/913bt-+KNEL._AC_UL320_.jpg,Trousers
https://m.media-amazon.com/images/I/5146kkAealL._AC_UL320_.jpg,Trousers
https://m.media-amazon.com/images/I/7144jqDQFXL._AC_UL320_.jpg,Trousers
https://m.media-amazon.com/images/I/81Gq3KCd4AL._AC_UL320_.jpg,Trousers
https://m.media-amazon.com/images/I/91o8ToDJXlS._AC_UL320_.jpg,Trousers
https://m.media-amazon.com/images/I/71RbSz4f5uL._AC_UL320_.jpg,Trousers
https://m.media-amazon.com/images/I/7143H+2QTgL._AC_UL320_.jpg,Trousers
https://m.media-amazon.com/images/I/91yo+G2rJ1L._AC_UL320_.jpg,Trousers
https://m.media-amazon.com/images/I/71fl75lutiL._AC_UL320_.jpg,Trousers
https://m.media-amazon.com/images/I/810Y61PzFDS._AC_UL320_.jpg,Trousers
https://m.media-amazon.com/images/I/61oo7ZLfWqL._AC_UL320_.jpg,Trousers
https://m.media-amazon.com/images/I/71JGCy+LHUL._AC_UL320_.jpg,Trousers
https://m.media-amazon.com/images/I/71lItZl4-CL._AC_UL320_.jpg,Trousers
https://m.media-amazon.com/images/I/91Esh8L3H8L._AC_UL320_.jpg,Trousers
https://m.media-amazon.com/images/I/910SEdShJcL._AC_UL320_.jpg,Trousers
https://m.media-amazon.com/images/I/81R5lN0ij3L._AC_UL320_.jpg,Trousers
https://m.media-amazon.com/images/I/81P+xlwgX7L._AC_UL320_.jpg,Trousers
https://m.media-amazon.com/images/I/91eRlU0+OJL._AC_UL320_.jpg,Trousers
https://m.media-amazon.com/images/I/61eycNXPDoL._AC_UL320_.jpg,Trousers
https://m.media-amazon.com/images/I/81YU0raYenL._AC_UL320_.jpg,Trousers
https://m.media-amazon.com/images/I/61G+wMtjPWL._AC_UL320_.jpg,Trousers
https://m.media-amazon.com/images/I/61+APIJ4vFL._AC_UL320_.jpg,Trousers
https://m.media-amazon.com/images/I/718kU7VISWL._AC_UL320_.jpg,Trousers
https://m.media-amazon.com/images/I/81d37fLAwUL._AC_UL320_.jpg,Trousers
https://m.media-amazon.com/images/I/61YHtYYabpL._AC_UL320_.jpg,Trousers
https://m.media-amazon.com/images/I/61asRSilHlL._AC_UL320_.jpg,Trousers
https://m.media-amazon.com/images/I/81t3XS8UciL._AC_UL320_.jpg,Trousers
https://m.media-amazon.com/images/I/51rnYLGXVxL._AC_UL320_.jpg,Trousers
https://m.media-amazon.com/images/I/61HwCsXHbzL._AC_UL320_.jpg,Trousers
https://m.media-amazon.com/images/I/81Xcgi8ms+S._AC_UL320_.jpg,Trousers
https://m.media-amazon.com/images/I/51d74502ZVL._AC_UL320_.jpg,Trousers
https://m.media-amazon.com/images/I/71C1Psm7x5S._AC_UL320_.jpg,Trousers
https://m.media-amazon.com/images/I/61NnhwRbZKL._AC_UL320_.jpg,Trousers
https://m.media-amazon.com/images/I/61fw-YAjV6L._AC_UL320_.jpg,Trousers
https://m.media-amazon.com/images/I/61ELAf0ZLcL._AC_UL320_.jpg,Trousers
https://m.media-amazon.com/images/I/611LMnczeAL._AC_UL320_.jpg,Trousers
https://m.media-amazon.com/images/I/711Qm80ojZL._AC_UL320_.jpg,Trousers
https://m.media-amazon.com/images/I/61WOm5HmpnL._AC_UL320_.jpg,Trousers
https://m.media-amazon.com/images/I/71o4-mxo2bL._AC_UL320_.jpg,Trousers
https://m.media-amazon.com/images/I/61j8-T8dIIL._AC_UL320_.jpg,Trousers
https://m.media-amazon.com/images/I/81G2HIdIDyL._AC_UL320_.jpg,Trousers
https://m.media-amazon.com/images/I/81CjnCpOZaL._AC_UL320_.jpg,Trousers
https://m.media-amazon.com/images/I/71NC68eLtRL._AC_UL320_.jpg,Trousers
https://m.media-amazon.com/images/I/61pQN1bi8TL._AC_UL320_.jpg,Trousers
https://m.media-amazon.com/images/I/71jfN4RHXNL._AC_UL320_.jpg,Trousers
https://m.media-amazon.com/images/I/814Uqy8tJaL._AC_UL320_.jpg,Trousers
https://m.media-amazon.com/images/I/717-WaIUi9L._AC_UL320_.jpg,Trousers
https://m.media-amazon.com/images/I/51GPPdnaZCL._AC_UL320_.jpg,Trousers
https://m.media-amazon.com/images/I/71cmskhpN8L._AC_UL320_.jpg,Trousers
https://m.media-amazon.com/images/I/71o4-mxo2bL._AC_UL320_.jpg,Trousers
https://m.media-amazon.com/images/I/71BkAA4x97L._AC_UL320_.jpg,Trousers
https://m.media-amazon.com/images/I/51A+CWCcdbL._AC_UL320_.jpg,Trousers
https://m.media-amazon.com/images/I/71Eqxc7aZeL._AC_UL320_.jpg,Trousers
https://m.media-amazon.com/images/I/71XHgV07eCL._AC_UL320_.jpg,Trousers
https://m.media-amazon.com/images/I/61RS+V-4vTL._AC_UL320_.jpg,Trousers
https://m.media-amazon.com/images/I/717LKNGTNJL._AC_UL320_.jpg,Trousers
https://m.media-amazon.com/images/I/61DDsihni0L._AC_UL320_.jpg,Trousers
https://m.media-amazon.com/images/I/51m3B5MPqfL._AC_UL320_.jpg,Trousers
https://m.media-amazon.com/images/I/6177OhdEoIL._AC_UL320_.jpg,Trousers
https://m.media-amazon.com/images/I/81nbnkAvfyL._AC_UL320_.jpg,Trousers
https://m.media-amazon.com/images/I/61NKxXc+lIL._AC_UL320_.jpg,Trousers
https://m.media-amazon.com/images/I/81WLhHdBWkL._AC_UL320_.jpg,Trousers
https://m.media-amazon.com/images/I/51cx2ZblX-L._AC_UL320_.jpg,Trousers
https://m.media-amazon.com/images/I/61gBHDAl18L._AC_UL320_.jpg,Trousers
https://m.media-amazon.com/images/I/81xfZwrv1aL._AC_UL320_.jpg,Trousers
https://m.media-amazon.com/images/I/71AfgwC1V3L._AC_UL320_.jpg,Trousers
https://m.media-amazon.com/images/I/610xgvsB4hL._AC_UL320_.jpg,Trousers
https://m.media-amazon.com/images/I/71loF00XX6L._AC_UL320_.jpg,Trousers
https://m.media-amazon.com/images/I/71huRkpZLPL._AC_UL320_.jpg,Trousers
https://m.media-amazon.com/images/I/61MnRVjOZWL._AC_UL320_.jpg,Trousers
https://m.media-amazon.com/images/I/81tymyx2DNL._AC_UL320_.jpg,Trousers
https://m.media-amazon.com/images/I/71HrKHZ6RUL._AC_UL320_.jpg,Trousers
https://m.media-amazon.com/images/I/81bHeUyGw9L._AC_UL320_.jpg,Trousers
https://m.media-amazon.com/images/I/61b7GK73dIL._AC_UL320_.jpg,Trousers
https://m.media-amazon.com/images/I/81NuI1W5nTL._AC_UL320_.jpg,Trousers
https://m.media-amazon.com/images/I/51gKhim+FNL._AC_UL320_.jpg,Trousers
https://m.media-amazon.com/images/I/71ZJ8lna46L._AC_UL320_.jpg,Trousers
https://m.media-amazon.com/images/I/71+SdCRJcGL._AC_UL320_.jpg,Trousers
https://m.media-amazon.com/images/I/71UtP4mvfEL._AC_UL320_.jpg,Trousers
https://m.media-amazon.com/images/I/71lx5+0B3AL._AC_UL320_.jpg,Trousers
https://m.media-amazon.com/images/I/61+47cJSw-L._AC_UL320_.jpg,Trousers
https://m.media-amazon.com/images/I/81Ge90coVBL._AC_UL320_.jpg,Trousers
https://m.media-amazon.com/images/I/51yGTkwLKDL._AC_UL320_.jpg,Trousers
https://m.media-amazon.com/images/I/517c5CbAwoL._AC_UL320_.jpg,Trousers
https://m.media-amazon.com/images/I/41WUxXwYq+L._AC_UL320_.jpg,Trousers
https://m.media-amazon.com/images/I/81V+cLWewjL._AC_UL320_.jpg,Trousers
https://m.media-amazon.com/images/I/51cgth6RW8L._AC_UL320_.jpg,Trousers
https://m.media-amazon.com/images/I/51-Z8AXpCwL._AC_UL320_.jpg,Trousers
https://m.media-amazon.com/images/I/7122odVxo9L._AC_UL320_.jpg,Trousers
https://m.media-amazon.com/images/G/31/img22/Fashion/Event/JanART22/AFpage/Bottomwidget/01_all-fashion.jpg,Trousers
https://m.media-amazon.com/images/G/31/img22/Fashion/Event/WRS22/eventpage/Bottomwidget/6_CML.jpg,Trousers
https://m.media-amazon.com/images/G/31/img22/Fashion/Event/WRS22/eventpage/Bottomwidget/2_Fashion-dealsV2.jpg,Trousers
https://m.media-amazon.com/images/G/31/img22/Fashion/Event/WRS22/eventpage/Bottomwidget/8_TrendsV2.jpg,Trousers
https://m.media-amazon.com/images/G/31/img22/Fashion/Event/WRS22/eventpage/Bottomwidget/4_PFF.jpg,Trousers
https://m.media-amazon.com/images/G/31/img22/Fashion/Event/WRS22/eventpage/Bottomwidget/5_Stylefeed.jpg,Trousers
https://m.media-amazon.com/images/G/31/img2020/fashion/WA_2022/SS_22/Search_card/Search-card.jpg,Trousers
https://m.media-amazon.com/images/I/711G7qxQSNL._AC_UL320_.jpg,Jeans
https://m.media-amazon.com/images/I/81QWn4i3XcL._AC_UL320_.jpg,Jeans
https://m.media-amazon.com/images/I/41R0oImWN4L._AC_UL320_.jpg,Jeans
https://m.media-amazon.com/images/I/81UUJUmPT+L._AC_UL320_.jpg,Jeans
https://m.media-amazon.com/images/I/61D3NhllkbL._AC_UL320_.jpg,Jeans
https://m.media-amazon.com/images/I/81e4Tkj9dNL._AC_UL320_.jpg,Jeans
https://m.media-amazon.com/images/I/512uEHx+6OL._AC_UL320_.jpg,Jeans
https://m.media-amazon.com/images/I/81032hi+TgL._AC_UL320_.jpg,Jeans
https://m.media-amazon.com/images/I/61EJxytnV5L._AC_UL320_.jpg,Jeans
https://m.media-amazon.com/images/I/81ftckLhDHL._AC_UL320_.jpg,Jeans
https://m.media-amazon.com/images/I/71a3OycnGYL._AC_UL320_.jpg,Jeans
https://m.media-amazon.com/images/I/61TwfPRLhrL._AC_UL320_.jpg,Jeans
https://m.media-amazon.com/images/I/81v78jQqtzL._AC_UL320_.jpg,Jeans
https://m.media-amazon.com/images/I/810Mo3xaQsL._AC_UL320_.jpg,Jeans
https://m.media-amazon.com/images/I/61rmMnVZO7L._AC_UL320_.jpg,Jeans
https://m.media-amazon.com/images/I/5106NB0RPgL._AC_UL320_.jpg,Jeans
https://m.media-amazon.com/images/I/41IezzQju9L._AC_UL320_.jpg,Jeans
https://m.media-amazon.com/images/I/61baXRyCQjL._AC_UL320_.jpg,Jeans
https://m.media-amazon.com/images/I/71f441HDnaL._AC_UL320_.jpg,Jeans
https://m.media-amazon.com/images/I/81VfuPk5I0L._AC_UL320_.jpg,Jeans
https://m.media-amazon.com/images/I/516ZbSn4yKL._AC_UL320_.jpg,Jeans
https://m.media-amazon.com/images/I/51e49rOnRfL._AC_UL320_.jpg,Jeans
https://m.media-amazon.com/images/I/81K2mE16iJL._AC_UL320_.jpg,Jeans
https://m.media-amazon.com/images/I/715gmxzWQ2L._AC_UL320_.jpg,Jeans
https://m.media-amazon.com/images/I/51UwcaeC15L._AC_UL320_.jpg,Jeans
https://m.media-amazon.com/images/I/61I9S1mi9pL._AC_UL320_.jpg,Jeans
https://m.media-amazon.com/images/I/81ebAk9aXvL._AC_UL320_.jpg,Jeans
https://m.media-amazon.com/images/I/61teUXz3yQS._AC_UL320_.jpg,Jeans
https://m.media-amazon.com/images/I/51h2-s044EL._AC_UL320_.jpg,Jeans
https://m.media-amazon.com/images/I/7181SU0jyGL._AC_UL320_.jpg,Jeans
https://m.media-amazon.com/images/I/41fuqGPnQIL._AC_UL320_.jpg,Jeans
https://m.media-amazon.com/images/I/61OXlj3b8oL._AC_UL320_.jpg,Jeans
https://m.media-amazon.com/images/I/812Q6KRFQiL._AC_UL320_.jpg,Jeans
https://m.media-amazon.com/images/I/71FfW5CXuWL._AC_UL320_.jpg,Jeans
https://m.media-amazon.com/images/I/91b+lsZsxhL._AC_UL320_.jpg,Jeans
https://m.media-amazon.com/images/I/81EGkLRifbL._AC_UL320_.jpg,Jeans
https://m.media-amazon.com/images/I/613ybn1m+EL._AC_UL320_.jpg,Jeans
https://m.media-amazon.com/images/I/815MNPh2+fL._AC_UL320_.jpg,Jeans
https://m.media-amazon.com/images/I/71wzgvqHNXL._AC_UL320_.jpg,Jeans
https://m.media-amazon.com/images/I/81-zGPqBHQL._AC_UL320_.jpg,Jeans
https://m.media-amazon.com/images/I/61zoG6C57GL._AC_UL320_.jpg,Jeans
https://m.media-amazon.com/images/I/51Scdt4NcGL._AC_UL320_.jpg,Jeans
https://m.media-amazon.com/images/I/618pDZIzXHS._AC_UL320_.jpg,Jeans
https://m.media-amazon.com/images/I/51Lcar3PF5L._AC_UL320_.jpg,Jeans
https://m.media-amazon.com/images/I/7181SU0jyGL._AC_UL320_.jpg,Jeans
https://m.media-amazon.com/images/I/71kiDEcdHGL._AC_UL320_.jpg,Jeans
https://m.media-amazon.com/images/I/51HAZc-A5+L._AC_UL320_.jpg,Jeans
https://m.media-amazon.com/images/I/71R3tZlru6L._AC_UL320_.jpg,Jeans
https://m.media-amazon.com/images/I/71CiRZhLoaL._AC_UL320_.jpg,Jeans
https://m.media-amazon.com/images/I/81xBNAx6d5L._AC_UL320_.jpg,Jeans
https://m.media-amazon.com/images/I/81z29+QFvkL._AC_UL320_.jpg,Jeans
https://m.media-amazon.com/images/I/61wb97at1cS._AC_UL320_.jpg,Jeans
https://m.media-amazon.com/images/I/5181G8zoFsL._AC_UL320_.jpg,Jeans
https://m.media-amazon.com/images/I/71NKoBP71pL._AC_UL320_.jpg,Jeans
https://m.media-amazon.com/images/I/71EDUZQ48PL._AC_UL320_.jpg,Jeans
https://m.media-amazon.com/images/I/61n-iOxLfDL._AC_UL320_.jpg,Jeans
https://m.media-amazon.com/images/I/61NNXNW0ZkL._AC_UL320_.jpg,Jeans
https://m.media-amazon.com/images/I/71VF4HUJQCL._AC_UL320_.jpg,Jeans
https://m.media-amazon.com/images/I/6172+D89x5L._AC_UL320_.jpg,Jeans
https://m.media-amazon.com/images/I/61rdfHsisGL._AC_UL320_.jpg,Jeans
https://m.media-amazon.com/images/I/71AHGaNUfTL._AC_UL320_.jpg,Jeans
https://m.media-amazon.com/images/I/7119OvTDtTL._AC_UL320_.jpg,Jeans
https://m.media-amazon.com/images/I/61c+1sd1t8L._AC_UL320_.jpg,Jeans
https://m.media-amazon.com/images/I/61yVFFQOuzL._AC_UL320_.jpg,Jeans
https://m.media-amazon.com/images/I/81hdtbEJSjL._AC_UL320_.jpg,Jeans
https://m.media-amazon.com/images/I/71x4hBp319L._AC_UL320_.jpg,Jeans
https://m.media-amazon.com/images/I/81rUeBn4BHL._AC_UL320_.jpg,Jeans
https://m.media-amazon.com/images/I/81A-KuiU2oL._AC_UL320_.jpg,Jeans
https://m.media-amazon.com/images/G/31/img22/Fashion/Event/JanART22/AFpage/Bottomwidget/01_all-fashion.jpg,Jeans
https://m.media-amazon.com/images/G/31/img22/Fashion/Event/WRS22/eventpage/Bottomwidget/6_CML.jpg,Jeans
https://m.media-amazon.com/images/G/31/img22/Fashion/Event/WRS22/eventpage/Bottomwidget/2_Fashion-dealsV2.jpg,Jeans
https://m.media-amazon.com/images/G/31/img22/Fashion/Event/WRS22/eventpage/Bottomwidget/8_TrendsV2.jpg,Jeans
https://m.media-amazon.com/images/G/31/img22/Fashion/Event/WRS22/eventpage/Bottomwidget/4_PFF.jpg,Jeans
https://m.media-amazon.com/images/G/31/img22/Fashion/Event/WRS22/eventpage/Bottomwidget/5_Stylefeed.jpg,Jeans
https://m.media-amazon.com/images/G/31/img2020/fashion/WA_2022/SS_22/Search_card/Search-card.jpg,Jeans
